{
  "profile": {
    "name": "Alex Johnson",
    "title": "Full Stack Developer",
    "shortBio": "I build modern, responsive web applications using the latest technologies. Passionate about clean code, user experience, and continuous learning.",
    "longBio": "I'm a passionate full-stack developer with 5+ years of experience building web applications. I specialize in React, Node.js, and modern JavaScript.\n\nMy journey in web development started when I built my first website in college. Since then, I've worked with startups and established companies to create efficient, scalable, and user-friendly applications.\n\nWhen I'm not coding, you can find me hiking, reading tech blogs, or experimenting with new frameworks and tools. I'm always eager to learn and grow as a developer.",
    "email": "alex.johnson@example.com",
    "phone": "+1 (555) 123-4567",
    "location": "San Francisco, CA",
    "contactDesc": "Feel free to reach out to me anytime. I'm always open to discussing new projects, creative ideas, or opportunities to be part of your vision.",
    "githubUsername": "alexjdev",
    "profileImage": "https://images.unsplash.com/photo-1580927752452-89d86da3fa0a?ixlib=rb-4.0.3&ixid=MnwxMjA3fDB8MHxwaG90by1wYWdlfHx8fGVufDB8fHx8&auto=format&fit=crop&w=1000&h=800",
    "resumeUrl": "/resume.pdf"
  },
  "projects": [
    {
      "id": 1,
      "title": "Analytics Dashboard",
      "description": "A responsive analytics dashboard with real-time data visualization, customizable widgets, and user authentication.",
      "imageUrl": "https://images.unsplash.com/photo-1517292987719-0369a794ec0f?ixlib=rb-4.0.3&ixid=MnwxMjA3fDB8MHxwaG90by1wYWdlfHx8fGVufDB8fHx8&auto=format&fit=crop&w=600&h=400",
      "demoUrl": "https://example.com/demo1",
      "repoUrl": "https://github.com/example/repo1",
      "tags": [
        "React",
        "Node.js",
        "Chart.js"
      ],
      "order": 1
    },
    {
      "id": 2,
      "title": "E-commerce Platform",
      "description": "A full-featured e-commerce platform with product management, cart functionality, payment processing, and order tracking.",
      "imageUrl": "https://images.unsplash.com/photo-1523206489230-c012c64b2b48?ixlib=rb-4.0.3&ixid=MnwxMjA3fDB8MHxwaG90by1wYWdlfHx8fGVufDB8fHx8&auto=format&fit=crop&w=600&h=400",
      "demoUrl": "https://example.com/demo2",
      "repoUrl": "https://github.com/example/repo2",
      "tags": [
        "React",
        "Redux",
        "Express",
        "MongoDB"
      ],
      "order": 2
    },
    {
      "id": 3,
      "title": "Social Community App",
      "description": "A community platform with profiles, real-time chat, forum discussions, and content sharing capabilities.",
      "imageUrl": "https://images.unsplash.com/photo-1611162617213-7d7a39e9b1d7?ixlib=rb-4.0.3&ixid=MnwxMjA3fDB8MHxwaG90by1wYWdlfHx8fGVufDB8fHx8&auto=format&fit=crop&w=600&h=400",
      "demoUrl": "https://example.com/demo3",
      "repoUrl": "https://github.com/example/repo3",
      "tags": [
        "React",
        "Firebase",
        "Socket.io"
      ],
      "order": 3
    }
  ],
  "skills": [
    {
      "id": 1,
      "name": "React",
      "category": "frontend",
      "proficiency": 95,
      "order": 1
    },
    {
      "id": 2,
      "name": "JavaScript",
      "category": "frontend",
      "proficiency": 90,
      "order": 2
    },
    {
      "id": 3,
      "name": "TypeScript",
      "category": "frontend",
      "proficiency": 85,
      "order": 3
    },
    {
      "id": 4,
      "name": "CSS/Tailwind",
      "category": "frontend",
      "proficiency": 88,
      "order": 4
    },
    {
      "id": 5,
      "name": "HTML5",
      "category": "frontend",
      "proficiency": 92,
      "order": 5
    },
    {
      "id": 6,
      "name": "Node.js",
      "category": "backend",
      "proficiency": 90,
      "order": 1
    },
    {
      "id": 7,
      "name": "Express",
      "category": "backend",
      "proficiency": 88,
      "order": 2
    },
    {
      "id": 8,
      "name": "MongoDB",
      "category": "backend",
      "proficiency": 85,
      "order": 3
    },
    {
      "id": 9,
      "name": "RESTful APIs",
      "category": "backend",
      "proficiency": 92,
      "order": 4
    },
    {
      "id": 10,
      "name": "SQL/SQLite",
      "category": "backend",
      "proficiency": 80,
      "order": 5
    }
  ],
  "tools": [
    {
      "id": 1,
      "name": "Git & GitHub",
      "icon": "code"
    },
    {
      "id": 2,
      "name": "VS Code",
      "icon": "code-block"
    },
    {
      "id": 3,
      "name": "Webpack",
      "icon": "package"
    },
    {
      "id": 4,
      "name": "Figma",
      "icon": "monitor"
    },
    {
      "id": 5,
      "name": "Docker",
      "icon": "layers"
    },
    {
      "id": 6,
      "name": "Jest",
      "icon": "check-circle"
    },
    {
      "id": 7,
      "name": "Vercel",
      "icon": "zap"
    },
    {
      "id": 8,
      "name": "Firebase",
      "icon": "flame"
    }
  ],
  "socialLinks": [
    {
      "id": 1,
      "platform": "github",
      "url": "https://github.com/alexjdev",
      "order": 1
    },
    {
      "id": 2,
      "platform": "twitter",
      "url": "https://twitter.com/alexjdev",
      "order": 2
    },
    {
      "id": 3,
      "platform": "linkedin",
      "url": "https://linkedin.com/in/alexjdev",
      "order": 3
    },
    {
      "id": 4,
      "platform": "instagram",
      "url": "https://instagram.com/alexjdev",
      "order": 4
    }
  ],
  "githubRepos": [],
  "users": [
    {
      "username": "admin",
      "password": "$2b$10$OxP4VQuqZ5yPcsA/RGCPwuB7H/D8WvAc7SANjWyE0S83SF0U3jqra",
      "id": 1
    }
  ]
}